<?xml version="1.0" encoding="UTF-8"?>
<beans xmlns="http://www.springframework.org/schema/beans"
       xmlns:xsi="http://www.w3.org/2001/XMLSchema-instance"
       xsi:schemaLocation="http://www.springframework.org/schema/beans http://www.springframework.org/schema/beans/spring-beans.xsd">
  <bean id="address" class="com.java.spr.Address">
    <constructor-arg value="Hyderabad" />
    <constructor-arg value="TS" />
  </bean>

  <bean id="employ" class="com.java.spr.Employ">
    <constructor-arg value="1" />
    <constructor-arg value="Prasanna" />
    <constructor-arg value="84823" />
    <constructor-arg ref="address" />
  </bean>

</beans>
