<?xml version="1.0" encoding="UTF-8"?>
<beans xmlns="http://www.springframework.org/schema/beans"
       xmlns:xsi="http://www.w3.org/2001/XMLSchema-instance"
       xsi:schemaLocation="http://www.springframework.org/schema/beans http://www.springframework.org/schema/beans/spring-beans.xsd">
  <bean id="bean1" class="com.java.spr.HelloImpl">
    <property name="greeting" value="Good Morning..." />
  </bean>
  <bean id="bean2" class="com.java.spr.HelloImpl">
    <property name="greeting" value="Good Afternoon..." />
  </bean>
  <bean id="bean3" class="com.java.spr.HelloImpl">
    <property name="greeting" value="Good Evening..." />
  </bean>
</beans>
