<?xml version="1.0" encoding="UTF-8"?>
<!DOCTYPE beans PUBLIC 
"-//SPRING//DTD BEAN//EN" 
"http://www.springframework.org/dtd/spring-beans.dtd">
<beans>
	<bean id="address" class="com.java.spr.Address">
		<constructor-arg value="Hyderabad" />
		<constructor-arg value="TS" />
	</bean>
	
	<bean id="employ" class="com.java.spr.Employ">
		<constructor-arg value="1" />
		<constructor-arg value="Prasanna" />
		<constructor-arg value="84823" />
		<constructor-arg ref="address" />
	</bean>
</beans>